x0,x1,x2,x3,x4
1.5840518764061575,3.9105379619091263,0.76795464274503,6.247073130307671,-8.07761252005892
3.696495340638425,-2.6102618962959565,0.951218194963278,-4.560594279148932,5.036783822385788
5.3539882188691985,6.198853746379169,-5.795571492819398,-7.171499469377619,5.68358248115818
5.048716124959681,5.845915403436622,-5.936627863902094,-7.5747014597840865,5.213721001447464
-7.223851467356633,-1.6906488187780009,-3.049294371652204,1.0319878614417333,9.336189620771782
-6.999825619611707,-1.9168324923297368,-3.4445281582501717,0.8124550631415814,9.548613156997094
-7.471818309811401,-1.8609847491384344,-3.213647362353392,0.5893281780727566,9.091446764350119
8.076876004046486,-3.0286852087368765,9.368216077533143,-0.5172594703268363,4.9688313475839605
1.2622352412421531,3.4254282615846834,0.6635695731280975,6.689203705147873,-8.147109845316846
5.454501236540002,5.8353215689640505,-5.790649376887701,-7.988239024311353,5.216167685278618
-6.918478319004464,-2.5092940057831985,-3.397854204361635,0.9671693219083464,9.658379853171583
-2.459831015934936,2.026105164744526,-1.8887785054492805,0.09454971898898773,3.887350738640237
8.012171486446809,-2.826729890098488,9.183690726812058,-0.8069686438986879,4.498033984325583
-2.654212075176993,2.1590045731947654,-1.5918736889988208,-0.15807297348999294,4.5371428937703095
-2.3458306885787596,2.2713211886298894,-1.9974150618352895,-0.04569494758849748,3.8324157191736834
-0.5378952100107873,7.253161519598528,-7.306923270861834,5.229579323905449,4.598037786725213
-0.050736884346505695,7.217156756701607,-6.853063702569629,4.923583011828898,4.548717113608984
-7.0580307824584665,-1.9026659588692236,-3.402514884494237,0.39345064454678447,9.217520252258671
-2.6052336777436755,1.6815356923809568,-2.231257946120584,-0.03358689838697381,4.408923233324456
4.015991031358684,-2.444313865172383,1.109561292303909,-4.831662424940257,4.7307915929669155
7.8116431359113125,-3.555437623790244,9.57264784855981,-0.5671070667050613,4.285110711450853
-7.675601772784166,-2.5878620111705484,-3.0610717927357407,0.9875858615937632,9.444356378827251
5.348060850273902,5.907389577860356,-5.40419595304373,-7.594015532479106,5.207450222353271
3.5369614980616917,-3.044960256918132,0.9555435668930632,-3.7727247028400974,4.7211826443968565
3.753130757116287,-2.9539701933382982,0.8323360926552494,-3.9526940808383224,3.7455598955291567
-2.3538910292043944,1.8572922921318678,-2.0530832606150513,0.32236153310334537,3.8839621969138487
-3.1542669907444494,1.81101203044181,-1.8711621572146582,-0.5131712426413004,4.093213886583569
-7.245555779388017,-2.6443051407018943,-3.43742239881542,0.6453582949340675,9.189825746363057
1.8096511205422072,3.5434280896634336,0.018317772054520398,6.342982573881369,-8.068530750934283
-7.330935275892628,-2.070110688275908,-3.4144448563941125,0.6343616039101947,9.61014961410221
8.088230832637109,-3.360653158346934,9.398964494173216,-0.8157792528051242,4.2512875536488375
1.5744405142190172,3.884459839116484,0.9036745300229722,6.646941920708613,-7.814630595921899
2.2317663939146626,3.6666956649968077,0.1275030443790966,6.536473467894995,-7.88869989259893
-7.295217501546173,-2.265405603935318,-2.848987273406683,0.6798778321893267,9.527866377025475
5.621901747527998,6.741842003874736,-5.805646832531017,-7.347410976670664,5.24914927025589
3.7071602829168486,-2.816650987238158,0.9702949523322268,-4.761416528012667,4.248135963095575
-7.33386219528349,-1.9385260875954875,-2.957211577184598,0.3574932092256143,9.34296415824692
8.00113329706207,-3.6370990679345283,9.244273116378517,0.1473903358282207,4.53822314398167
-2.7209725972581773,1.8665101517195304,-1.939994479589514,0.012388992267306331,3.759469533613447
-6.724837916704023,-2.260543755171365,-4.000426736572615,0.3653248201996243,9.432508814307296
3.6682136332680706,-3.1287901467407804,1.298698837232607,-4.064432521250894,5.257270627538389
3.506215046259483,-3.363938502214074,0.9762980322894963,-4.383665446404135,5.15175255163903
4.329972511720203,-2.9385354171453484,1.1963881391490943,-4.559684453380371,4.529934906728008
8.047757815161471,-3.47929484259634,8.81244114240572,-0.8632037902283664,4.079695378766105
8.120871977913145,-3.251671143885375,9.781398967131873,-0.4373065376937171,4.578840476441211
2.0416079090396293,3.9874431963026233,0.4235345036187176,6.095114592754468,-8.005454119821392
2.004404573168279,3.262916071995318,0.2602724655329027,6.104435325480168,-8.141604147565188
-2.204208152560409,1.1098644505426531,-1.8063418896378987,-0.653995967490992,4.4105210818388505
-7.363002433849318,-2.6662881529655653,-3.6855624483218827,0.5176698927297114,9.006908538924009
4.037018713912457,-2.8243281730066454,0.8664958219143443,-4.250467140014448,4.198003571277989
-0.5499112060164756,7.2138357595539295,-6.4863363426564575,4.531580940493709,4.855951898012687
-2.6418812664764295,1.9437678237124267,-2.0398543509535054,-0.19685975267817832,3.8075973684626643
2.2003505294496057,3.1735038059745033,-0.0716042982671824,6.3479327783417805,-8.431245039269657
5.50202067878131,6.331631775662441,-5.393517334553284,-7.422614455710837,5.677714430849457
3.4698334569840164,-3.379106423680519,0.8145919685965326,-4.686849144746682,4.078488993941254
1.7453046799075302,4.3213852826342185,0.0654435845736128,6.240684913677143,-8.378188667439534
7.738598386169484,-3.4981475003141065,9.296195474464229,-0.5030983736623187,4.76115841643743
2.0973528678048092,3.944747950254673,0.870456897514121,6.5694078612540325,-8.233223348482237
2.0883416250579705,3.6432649233877714,0.0750201647741717,6.675431513958572,-8.115398911798373
5.188170083807887,6.0380881667312964,-4.842042615590808,-7.721039338411361,5.136297336438534
-2.758821175179847,1.630332763464533,-1.874089666821079,0.13920880008571007,4.003838547643722
-2.7785661465077385,2.7608292976097513,-2.033062436008269,-0.10567356095233366,3.8533619157099
5.853781618407859,6.230042954494711,-5.3441955112796995,-6.966598637158552,5.28939934679152
1.582825566762249,3.4772373594287727,0.21659190147820592,6.60442730413579,-8.292411510414121
-7.4624738995751745,-2.4398629323785883,-3.337800195745328,1.1510720247620354,9.782645471621494
-0.6073540699382396,7.77174705498487,-6.698820880671144,4.6262541178146765,4.935743306585518
-0.5561832424595683,7.640833499873636,-6.5206430560113695,4.7279761953265895,4.604317741605067
8.357601521568156,-2.920309445671246,9.262746397511949,-0.8507702643934021,4.3588199347964895
3.9462901890391557,-2.6188576467021365,0.8553143697529395,-4.87306693043181,4.941346834190772
-7.556568787633418,-2.0537759454525526,-3.1375012158108544,1.1154547679868645,8.64888237119032
3.4995779582258324,-2.7250880698344515,1.1946224659513702,-4.593335506771626,4.784998807053995
-0.609334415927894,7.28354165252554,-6.618078230531604,4.335954090304604,4.275570750759631
-0.8578122965257867,7.514662431109348,-6.560772856326818,4.445619750843613,4.452911119657444
8.35285812286868,-3.2264321878367612,9.198899437943693,-1.1682467052609216,4.696782239430055
-2.703679301711933,1.817652501759073,-1.6626217386909956,-0.12223649510081733,4.046820075177736
3.638296888822802,-2.2665165417813298,1.0877110513152566,-4.834148686760893,4.762592115184807
-6.849515237541491,-1.88055672074068,-3.6566387682294272,0.6770005587185403,9.143970459452776
8.332696166618451,-2.91160676186223,9.481248108076617,-0.11421792139607068,4.5800140869543
-0.9257648025116576,8.223964160467174,-6.53895070190891,4.504766440308186,4.342807438019299
-2.285786606560826,2.4537869675956,-2.0683941811836797,-0.2844653275714818,4.232349815763582
7.934154019326218,-3.146606090245777,9.204856685902726,-0.8792629203808152,4.612125624553521
5.936264793654696,6.514145041634319,-5.072517534412458,-7.070039726465772,5.74346303258728
5.906062541734325,6.0345095677117575,-5.440121398839199,-7.599929706897667,5.579287554495079
-7.276036802439866,-2.152318838940569,-3.5846110619201834,0.5088054815318793,9.287568627533846
3.8882577050964517,-2.466608735937913,0.5680665210505804,-4.906612837487376,4.648278376763994
-2.516123830882232,1.7729240052472337,-1.9847190207201002,-0.2201823034824655,3.5980682943597286
5.418291230045914,6.372148619969207,-4.7620409434747,-7.0434308377018775,5.885684821352752
6.2176162738509,6.207485516291974,-5.35507440235626,-6.634313338932567,5.382730955399418
-2.116608646393933,2.025776906777201,-2.211074049706308,0.28062949023793227,4.491714046624062
1.713299955652982,3.813411717872368,0.11107721262305106,6.12953815314224,-8.292691032872963
5.823317727124755,6.294007871454771,-5.300235389256675,-7.279766813374532,5.35933209739886
1.632637074881376,3.6172663764787396,0.24550983615630914,6.92696998871345,-8.409836987483622
-7.260096197174184,-1.848088346622898,-3.5320295975799683,0.7960127204209666,9.66542844504956
5.88684658747195,5.456369624074811,-5.274734234859286,-7.038193554848784,5.556010469616521
-2.144065298738274,1.9021619196980262,-2.3627233772287877,-0.5284908695123824,4.343953583242183
3.9432157623912434,-2.707633268974447,1.0012886290488934,-4.425211385321002,4.583910589232495
-6.706137909217937,-2.4219917857304383,-2.742477505771009,0.7193023012250913,9.469418146316258
-2.6849278026969445,1.9153419580571343,-2.218680793972509,0.12961617214567753,3.7821716104779837
-6.860285021446912,-2.0093459392386417,-2.7274998525382865,0.49038046690605663,9.434456658865281
5.943534335319319,5.678704079332274,-4.691969113079075,-7.2887098210207375,5.0642887891606065
1.7018065032750043,3.4276008822466713,0.7289470968906304,6.368250836244748,-8.723112474450026
8.503463533967755,-3.0102394054625137,9.149066930766214,-0.7057538097465689,4.4471969845784125
-0.8593421209019922,7.554885515963371,-7.066362798409839,4.985784969605158,4.465814163044023
-2.3110381166390632,2.3762780756082447,-2.0640984002472433,0.1593913295826141,4.252902552663291
5.730134073160368,6.005345589590128,-5.342998351563253,-7.19390247891617,5.298339745394207
-7.176019211586697,-2.087303517739846,-3.9023414403716696,0.3900633437488433,9.33048177166379
1.601237205326233,3.452244291525792,-0.1928780790726612,6.1762826147822265,-8.396451790067212
-0.5351221710444248,7.66408304935907,-6.762179335116205,5.038180171006576,5.049305779207421
-0.749787614633262,7.398020122384562,-6.733328659340532,5.139613172671484,5.149196432942018
-0.8879313656540679,7.534612340737243,-6.546852651772211,5.2599508310197605,4.792479718112246
-1.2606438416124548,7.489302564627048,-6.3769561789989355,4.442482824107943,4.016389786777433
4.110694853358416,-3.08594943785186,1.311684388544367,-4.631566534197304,4.807248090632277
-7.18331080617183,-2.4144920284111513,-3.5805757765139408,0.7247936109648707,8.818901210136968
8.673854735817589,-3.342808627659826,9.512790487966273,-0.929611079719467,4.693501284126812
5.500335146530283,6.239502200432949,-5.359456277198381,-7.3870261335278755,5.217008870435021
3.447189156757272,-2.8599794360023343,1.5089908674449068,-3.955606188630019,4.4905222010312205
5.380148218370759,6.254103177884564,-4.831447527760917,-7.642197596278966,4.924053703100681
-2.913058461750055,1.5889615604757197,-2.5239486647228424,-0.5412615614338451,4.122688110726012
1.297926193436588,3.6642895708096264,0.9614805198430149,6.511369462030037,-8.327669078446089
2.2376570206092383,3.8386963325409686,0.5773163860012605,6.319051485218621,-8.369025307873299
1.7687075350140693,2.9744637997213648,0.2753129245735467,6.003674329172137,-8.443418700690776
-7.039936052201063,-1.8250297801552102,-3.3737228233701795,0.18848029377872227,9.666952351312007
-0.8731622629149929,7.112698472895967,-6.4357496453810565,4.732376246304173,4.704370887361987
-7.0906083499241515,-1.6271280474807372,-3.2085051076346858,0.6743664129437467,9.548362865790999
7.916156109423823,-3.3073244514735753,8.877837188682545,-1.1094130921115186,4.216943127866768
7.887259144871501,-3.4906204336529876,9.560973804933829,0.06340091414792781,4.3672621641501514
5.599102833548195,6.042764334735893,-5.68165032087909,-7.154228559084773,5.483342544418348
3.8372337994079273,-2.4580537790113977,1.3210454845544741,-5.2675899419635295,4.878842057403895
6.105740690265787,6.222333506318513,-5.479846485713185,-7.099502529374612,5.44937156567128
-2.6151340833637926,1.759542531597674,-2.5046355829021256,-0.12350198537121349,4.405594490532453
-0.316599730003249,7.873632279247951,-7.193823458740758,4.545546371894406,4.467085069823738
3.9738998240125345,-2.405482149438808,0.9515023017749318,-4.285562684444942,4.38927484033888
8.140510385554375,-2.8883200703368512,9.701394214742889,-0.5820076291360877,4.45632504185142
-0.8986833434413011,6.824956415713546,-6.492357100236759,4.747152874903175,4.515200503869665
3.699598722093346,-2.6007481795353447,0.8000386454548777,-4.787782548242251,4.739468145144792
3.9847470893244887,-2.457680264521246,0.7321651306334835,-4.405096201642023,4.3138757762408355
-2.5339032937835073,1.8417890610633831,-2.1405443217635947,0.14397148977280286,3.67212118997801
-0.3902262086166155,7.653686936047404,-6.753229375044136,4.706319391665386,4.715693214579115
1.6153751335550433,3.0545317649170753,0.26512556547638916,6.2799068021457085,-8.421819716658902
1.6206114962254945,3.4691159239084377,0.023169253655929894,6.485929301226443,-8.72423225893319
1.8964014575806727,3.6895067514039983,0.5761709150624108,6.3571695925211795,-8.089012191407226
1.8473263788061687,3.710398780898807,0.5398848335198583,6.416607474790015,-8.462294444687156
1.3840886490501176,3.472005721062524,-0.002369178963018359,6.101184525413347,-7.949810333634513
5.386181612754913,6.050421225937649,-5.078395646322073,-7.87439854284927,5.68586746032993
-2.187634669799827,1.9644610444127995,-1.8384411596650705,-0.07512462076089005,4.176286585688152
1.5182552848923059,3.808584048806485,-0.08490734297200586,6.389899407165815,-9.005815430550161
8.72044107505123,-3.7387390522426935,9.28492080545076,-0.684657336132561,4.471251220445347
8.686667825178962,-3.1307508649736504,9.516598384406281,-0.15611876906562983,4.807822016147746
1.4946117083865373,3.3885509268190805,-0.11907032297359527,6.2361647049351,-8.2644882810657
8.78863206446095,-2.9747969096926576,9.79418795483612,-0.830663024031161,5.165623468148409
4.804274057910177,6.247884080649909,-4.633818392539932,-7.527184563116071,5.627213080421729
1.792097072408983,3.6238769714579133,0.176847427074941,6.101219673202963,-8.111612653644633
-6.981839042515414,-1.811137976920958,-3.6123667932534476,0.23784547673585682,8.684953851109668
-2.542987702012051,1.891176236361665,-2.0279584512953637,-0.07612987547252678,4.223166594237096
8.52844727602757,-3.3891642068901398,9.104141150988875,-0.3507294950182375,4.741393697234251
-2.4512164497435065,1.7539963993283345,-2.1356742464210146,-0.39419978822615304,3.7922220199457466
-0.45653639801929974,7.324385261367571,-7.119218319021883,4.855906903993358,4.460545849110888
-2.7399721052528094,1.6864394069383817,-2.1585079203894306,-0.6198216336393472,4.321870959847579
2.0136561562435933,3.214817843839763,0.20064786697178794,6.340961242204282,-8.27197242022128
-7.558447942582561,-2.073656145304468,-3.284577097700722,0.11163421160328679,9.374137733811457
-7.197541580049461,-1.484555076576573,-3.2176264462253137,0.5686677845101482,9.23310762925381
7.938341516710662,-2.7710771209449327,9.630162623929824,-0.44247197029208646,4.046188408573186
5.949552641305711,6.041212896288823,-5.637606870385224,-7.840951056862031,5.54457376551235
5.689220516491894,6.267078077553898,-5.9292604609328805,-7.932105087880223,5.133047816519848
1.678933044215484,3.4595583962122234,0.19642546013442294,6.442328316502725,-7.934994093461111
-6.877983019957814,-2.5792019343884114,-3.6478656619024052,0.7306261542998502,9.21770012462592
1.642545415997656,3.370046743092581,-0.1257979474936981,6.355171963296559,-7.852528855696841
-0.6220453332281506,7.847065704165507,-6.722197391428367,4.95374030080207,4.63731603468259
-6.905760236395386,-1.9820391923941225,-3.0593071073301137,0.8241425418098315,9.568056411210915
5.502379957851812,5.950266409772861,-5.540892919815489,-6.769712811608157,5.610791213877045
-2.536702875610823,1.0681508024499835,-1.9188200704249754,0.005637778718781711,3.7540558115811904
-7.154953423998364,-2.7795015414968383,-3.3832781191441264,0.5943349114919354,9.624531344791324
-0.4515091962865353,7.354384445428117,-6.221339123908128,4.508080716289507,4.751499489601391
5.266738822456795,6.083485489188468,-5.460881025556134,-7.007948748063073,5.242364010926395
-7.347695506375205,-1.53219626547811,-3.539587629813471,0.6248607692349856,9.636624378400041
3.130902549154959,-2.9217738925215735,0.8615029805834699,-4.499868947750208,4.350826932770678
6.094813646738873,6.004303650670548,-5.6257302772774365,-7.283370373588525,5.819344507584636
-7.450888069842437,-2.52413112075153,-3.084273264917769,0.6004532320712738,9.145853793162765
1.4573981193656795,3.4852587492932527,0.007439719601875117,6.322137221485979,-8.495004875409894
3.497702489073676,-2.4678253879552177,1.2012558865715455,-4.834606482223182,3.786917644511398
4.201824939287343,-2.98702473578726,1.316887788530048,-4.637921298444431,4.80996283192755
3.718442227741105,-2.865580582879983,0.7576322265142492,-4.70989297276224,4.401553782741033
8.214850051868547,-2.6824348354158247,9.602794226171593,-0.5174257841591701,4.578468308760634
5.486196477180942,6.295665356726411,-5.526875709853714,-7.548546723203694,5.405705777892437
-2.340078086317015,1.9500252882280855,-2.3854948906654125,0.11970387434195026,3.7728436246500334
8.205322034027274,-3.3425895831574626,9.767559582407769,-0.5314238324962591,4.622343804190863
-0.9436570998607008,7.577400456615305,-6.623046201792489,4.752254212894842,5.029452679651785
8.399858879621707,-3.2996790434004484,9.617696870437223,-0.9025013634735237,4.837199037663339
1.7420503717693625,3.976414904513728,0.5190145299650677,5.968697517662852,-8.31132975906555
3.6639853136232023,-2.669238241902021,1.0238827876868641,-4.026928172447482,4.636428256115607
3.4335924638092385,-2.514145222554412,0.9517471531065919,-4.674627462836916,4.687277918605519
1.2504671151079298,3.425028770049958,0.2994776601045216,6.39319389000526,-8.140024156265651
1.9586957232855307,3.787681990366378,0.09944473121258854,6.077491060966741,-8.181910968714153
7.978830795329848,-3.253255760757703,9.458941311777066,-0.39181374259214324,4.987214007282907
5.8658024265546045,6.168683184358346,-5.580048221106011,-7.307848544357419,5.363939273653055
-7.662150799117884,-2.5504545265290464,-3.2765562091337337,0.5361633693102743,8.885616303052098
-1.9965936419142982,1.95307760725832,-2.1572183754994194,-0.15722484826199729,4.114598741474949
-6.805817384210554,-1.928689611294608,-3.066624941603013,0.9402839345940748,9.369439093490152
5.913050769527006,6.0961682111989965,-5.152036282711324,-7.693440072361511,6.3531801795116225
-7.731358322834842,-2.1755402158333963,-3.7688430683994056,0.6754459317028356,9.128574393234603
-7.214501788881388,-2.043987624254409,-3.5626878271247806,1.0739764383604677,9.260294598079572
8.064568238392717,-3.4978591453289085,8.97386785612027,0.13177745086217396,4.709715806933287
2.1142973640205054,3.317475043393947,0.21323656171535302,6.038660041923988,-8.437091457841381
5.503110694289841,5.498318434123488,-5.554729357052664,-7.169881764760137,5.467438797426138
-0.9074582947604138,7.609989023385096,-6.94810484400555,5.0383871410538585,4.4232954408282685
-2.4850158968610687,1.7488842412261174,-3.180206378561482,-0.7487529681141328,4.001982314865223
-2.2518658536406306,1.694579049364674,-2.3318592153580098,-0.24992189321549388,4.187346050821617
1.8459474440801824,3.992731813319356,0.2271691795464411,6.293091704653685,-8.620869986575347
-2.5437154006775358,1.7736120379762523,-2.309147271207704,-0.5010934598362704,3.7662114900497863
-2.655041228051523,1.6703241834973879,-2.0451504677286008,0.3429673080529521,4.097017284305991
3.2300476000203977,-2.4849671601157732,1.2000192055252752,-4.759549431042695,4.29864757843682
3.8782169720618285,-2.1871366657596245,0.6989026892589251,-4.36656532966286,3.931251281876894
5.740905675917877,6.088868096812501,-5.062238082123938,-7.300664658161179,5.304313233900811
6.410108190728968,5.761658966205424,-5.737675513143795,-7.407228111404107,4.994388958564659
-7.516472346849886,-1.9905446677157352,-3.16460238924005,0.37004478609167757,9.397010991872337
8.150880006253345,-4.006251430403096,9.14385764408889,-0.8198554975814717,4.688506098400623
2.104218096144724,3.7428706949205246,-0.06515333901424103,6.566630100738111,-7.992362218814685
1.0901797511781246,3.2450085695484665,-0.08078408895984551,5.796844115118069,-8.007323692635861
8.163280316221757,-3.177930475448412,10.02922082979668,-0.17939811928350113,4.5603487821958755
5.821079923635046,5.942842814804431,-5.084303733321277,-7.241388470506171,5.3464082395326
-0.18455782230492213,8.129763837389541,-7.071666569697334,5.090542691148591,4.097291988463602
-2.5154967677061006,1.754227297620847,-2.3396724111470517,-0.2660761163812493,3.833099148906027
-6.9004922308638585,-1.8393561137089205,-3.505159177174594,0.21258256544813886,9.820751064668427
-7.580810520261245,-1.615334672499926,-3.549227609566322,1.0287473863392336,9.566776572547663
3.5626855245726428,-2.240480643963017,0.4288466861641608,-4.885745158545049,4.143338384952279
7.624502659204562,-3.038330411214522,8.967486717368681,-1.0283248050357663,4.572886837346574
-1.1700516931941878,7.654882746877776,-6.74782016680137,4.948303153501829,4.611394949292394
-2.630356129504927,1.5107498521013534,-2.2284851245549593,0.1882289524821496,4.11005453968834
4.981624380812175,5.787479658359439,-5.230618743449818,-7.191132262366775,5.2508318719913945
-7.542801847002033,-2.0831603255002684,-3.7493011925327755,0.6963388388931895,8.901792252646967
-7.373483878529549,-2.698758440880032,-3.5437688133039242,0.02074805787794276,9.66592961023592
1.3267720764519715,3.891369204710694,0.08033620091605267,6.156616864292699,-8.54411564727768
-1.1501043389396552,8.50359760947748,-6.6936632053765655,5.478379098379005,4.801788214712992
3.670247528569855,-2.6259356078132927,0.5789671313189143,-4.4706261149326,4.112754533647769
8.472234138137539,-3.4744972774227976,9.321515940294296,-0.5881056977931546,5.003152515602725
2.113445735617773,3.858783725222125,-0.03552823133082411,6.14839992698926,-7.998133745602767
-7.049710409173337,-2.07448549634416,-3.2835430173917652,0.6397418988458045,9.668129320795057
1.8113937963680216,3.6400606809623755,0.6573118982793416,6.0215147713325585,-7.567449597905871
-0.9349551112732385,7.732434876710876,-6.853206834577301,4.986894019295831,4.328103470228722
-7.219367692773594,-2.1106804446506375,-3.239364364499836,1.074381163414876,9.788587539573083
5.309420513794228,5.852592305108559,-5.23943974626502,-7.578342907771716,5.53808288122782
3.7349866901373265,-2.9155036663409173,0.9320165677467531,-4.642556892430458,3.9871777777268527
3.509283106455797,-2.57821733000506,1.7481367527917318,-4.852689388816583,4.370842307801887
7.79864573786509,-3.0929041634093455,9.08874529721866,-0.1959059653301533,4.645625365471194
3.2742190237435587,-3.0511848668338852,0.9220779682062711,-4.447925655513836,4.560422024481887
-0.6356205431683407,7.501491212634114,-6.7197134940771415,5.503897129519233,4.9621349584099566
1.2964438508223388,3.962516621589929,0.7710148209244612,6.638216905739927,-8.159476487626053
1.0585997955567872,3.605328481844197,0.42994141077327086,6.462223775085263,-8.272728783187958
3.65719633827931,-2.7683470164706323,1.0869648447978382,-4.735499190354959,5.215184121545002
-1.0961807100653176,7.826950500351936,-6.880550549546487,5.1646031766457705,4.9692968056441265
-2.1749122316021596,2.0987084522961337,-1.7990932567793865,0.33391060447124554,3.5970695410999296
1.7002734206896906,3.555963480954289,-0.25816310553059474,6.069127059802477,-8.692251948061633
-6.902696823043742,-1.8628855871519638,-3.7204531302171238,0.41741397609153225,9.114218276025888
8.350376754759486,-3.1895621908150655,9.484911380069198,-0.5477798083699177,4.767469803186286
3.514416419347549,-2.5773751881888716,0.8059273145019722,-4.802204584951026,4.466331870387011
5.776329337173373,6.026691406103931,-5.568945374665415,-7.382607820409183,5.478115020180297
2.2697142781847925,3.778881576170722,-0.1203861599301228,6.235049146003844,-8.443214580380811
1.6454723874361141,3.681975984290662,0.8270784782241789,5.748554031285311,-7.697501232187827
-0.7216168333980704,7.9375652925843605,-6.750426173834909,4.990075077408497,4.885381706902166
5.500159427554914,5.431304857184482,-5.091183908100623,-7.643943866947954,5.8852207818147955
5.856842893134213,6.4764821557286565,-5.955467163034466,-7.5713769887828875,5.335554012325182
1.3134170118934394,3.93979004203564,-0.034376433795448635,6.301996529372345,-8.421889558815863
-2.3002899328658346,1.7771103912785873,-2.039346356913975,0.19398897246899555,3.266779318478292
2.0345708308169463,3.216441194722515,0.7195464291017529,6.46121160616049,-8.810535700095159
-0.983511529287127,7.349893832480785,-6.666579772385665,5.092266377081563,4.226049793323753
-6.944157488357347,-2.119072953760925,-3.4307960453899096,0.5628175761778963,8.794375026341573
1.9736319773002018,3.9320367500185527,-0.1697526154030224,6.333733202571682,-8.248034522391926
-7.0529961003131865,-1.8693974523136943,-3.1623503501848553,0.07483473684891084,8.954793980362597
5.339523269887835,5.6463746050180115,-5.690453707684078,-7.331799545649624,5.652842233969375
7.852930528668928,-2.799948619215778,8.942654865995358,-0.32345996551089745,4.528011291176655
4.129814675486388,-2.9510209172736857,0.6467486943786351,-5.010834637109537,4.2459479293217095
3.646037560659774,-2.2514475883454095,1.3263368117120673,-4.504111505898754,4.621995858000852
8.610507917546663,-3.091368014456211,9.262513570970865,-0.5336667112260735,4.8378528973232475
7.673045585218273,-3.326279280938658,9.319999229584074,-0.7930138510988479,4.40160517156933
-2.9084446806547244,2.568122911395152,-2.0099626578352274,0.22313504195728423,3.962666554538578
-2.886320663810182,2.202670893459974,-1.9679906099120414,0.03580725327359213,4.119249651404949
3.6819925783369984,-2.5788743844061366,0.36623085607353756,-4.788999092357375,4.517784930456855
5.836756511163514,5.783461185185943,-5.134653139347725,-6.973811657896775,5.216813161490959
-2.331131015932421,2.1829235682786683,-1.5956111702511468,-0.4076319953297271,3.903489223778611
8.279452009917975,-3.2531202971965683,9.171303575408524,-0.888676748349388,4.205835104167284
4.124721833091634,-2.376445468436708,0.7611195599968541,-4.214863884261629,4.643912255476545
8.369978778198364,-3.2009852175184266,9.174956923295403,-0.877465916768627,4.611578639737676
8.488601230120823,-3.32254434697279,9.551181309552495,-0.9494280979019571,4.457293171691412
1.060100223511079,3.1780448452410526,1.0506395982095262,5.8068409098599565,-8.246583290189188
-2.5852266620262547,1.9365047384810363,-1.8824467941729885,-0.21038500645676428,4.217820081092361
-7.008918776870227,-2.5087220391686804,-3.026873739109864,0.19766464297118164,9.54148519502154
5.327209358763511,5.954226358601851,-5.937599982505424,-7.6078280091295145,5.013255457060935
-7.482730820608468,-1.8737176414510701,-2.828020979169094,0.5391460156350919,9.581855348435136
8.020309948153955,-2.9459468195582965,9.411783987504345,-0.7707521316156233,4.940503213403854
3.754097079942188,-2.6615058957259197,0.8147634792066629,-4.272573717329475,4.589364662541079
8.18101082676263,-3.3756152015030447,9.538117350114925,-0.9149786283388639,4.311849379405757
3.885878333023216,-2.8412326563996175,0.8924227535583736,-4.587527862970672,4.471570051851075
-7.557417234460407,-2.42385867608408,-3.984146751409424,0.9866201213753865,9.234612682317298
5.548422452240861,5.573749860920129,-5.262466206981854,-7.488682484481582,5.47067977000916
-2.569089022058357,1.5212199986649155,-2.0565995253942755,0.15674961392490888,4.3626633162210435
3.595898297704991,-3.036025370425745,1.1039741025794618,-4.256089301550034,4.630962294297168
8.644310235409476,-3.7210981252928663,9.038436578211998,-0.5538581819581396,4.770865942060276
8.468967459481714,-3.0919320124659895,9.467930583144591,-0.5289608969672578,4.68825535813796
5.830843339450277,5.979425706758139,-5.436888405076874,-7.269371879819731,5.516917286216494
5.838241142905998,6.2023904265994725,-5.526629732742467,-7.294044970938269,5.452127626580301
1.4989527587933125,3.6850169240199264,0.7530354191532013,6.200727576190722,-8.197393237827123
7.843646397676711,-3.1862998016275563,9.187546542146528,-0.46132500410008714,4.754092022989135
-7.281193170212197,-2.5631825149090823,-3.3060764374713987,0.40358593836459045,9.222399569567392
-0.5518435404855911,7.90447945674828,-6.873043721429329,5.02426937837637,4.56222081410432
-1.9927032623078977,2.2259349447307475,-1.996983477356045,-0.2601126465921083,4.100326963383185
7.914319938244599,-3.2739801849477037,8.924704084234984,-1.4381083699828845,4.836253117275044
-2.433497630283125,1.85658189310812,-2.4430235616636877,-0.282594010505099,3.3212782146480295
8.323441970757626,-2.7278993457152665,9.994163229569718,-0.7556226094920607,5.013847651954577
-2.437893102570079,2.047617328617351,-2.0505018792982717,-0.15540149103782863,3.7819875085418806
1.8773057040011523,3.3190735219485985,0.6242815814873044,6.431279457143092,-8.479008609819854
-2.4340593385945892,1.686075826403162,-2.0826689853012383,-0.2827136495152255,4.147098703417855
1.7105680787436335,3.129739948106062,0.35861893761737695,6.24496086623704,-8.729300946719334
-7.284869586623162,-1.8919418602984142,-4.0764252606927345,0.4191275827764562,8.954773467194755
-0.2391307369484455,7.699926045620953,-6.480843343276374,4.564006573316851,4.501009559550009
1.381997431335236,2.793914579876149,0.1317387558384635,6.362017083218581,-7.88700454684252
5.735709967420481,6.128900133736687,-4.888329802418566,-7.023573628783876,5.233395345783738
3.969418240390736,-2.2047384193549724,0.5679501292594229,-4.193656162144707,4.532536657406754
-0.6160357556721656,7.642957232793443,-6.581825010509216,4.554132429866334,4.26284360589514
-0.6198482214528872,7.917742665663475,-6.667614456396712,4.778177033013533,4.838744711573231
8.497651926545812,-2.6668378513811364,9.31951090176208,-0.8197827724287075,4.292370339850205
8.291122210476987,-3.326714227912469,9.072226385681098,-1.2449791925440685,4.99176478909849
4.044994744028226,-2.736526955787072,1.1529500990459332,-3.259188869348166,4.960468172846163
-0.7369816991137396,7.901414840276508,-6.901117076822419,4.640111780703046,4.5539303815868974
5.479046035550281,6.125254497670621,-4.9638216293456745,-7.342033171940922,5.48200613501285
-0.8586541728749169,7.918660007724083,-6.429957233923897,4.878573895629981,5.090539303313156
-0.35786643015078634,7.822793954201039,-6.377702213312383,4.717769873937695,4.832989299146569
-2.177173416606795,2.53332438247434,-2.4012136709039904,-0.34682059320562486,4.291492499824291
-0.8271009867402022,7.515965203125975,-6.293053279518487,4.675281165681965,4.326569994778702
3.5977150625580414,-2.3427886153263833,0.2689931965702409,-4.7829860534298785,4.251046139280563
-0.7245490884256239,7.715787315224692,-6.441560674205226,4.661671211332791,4.300186488751776
-2.4623698058650336,2.1281512309001505,-1.9267817161670109,-0.22693781273087907,4.28960396718572
-1.1037644654131509,7.754227414926685,-7.214892480928727,4.908240588513221,4.709789566511407
5.819644207910645,6.006510209734871,-5.756184829946302,-7.37475119344426,5.711047536572329
7.411263820587297,-3.3070843654950473,9.123569619956399,-0.887918063209872,4.5849899554268285
8.023042961925654,-3.56013961031494,9.7890638632751,-0.37996987518781855,3.9149439096876493
-0.6736174860652999,7.699886154308411,-6.58107242525045,4.949564573171604,4.846778259531505
5.605414629759601,6.322690228188647,-6.0598382726649085,-7.679253927103486,4.599415519487155
5.928655212572527,6.196492391616959,-5.834373725006163,-7.671226926080181,5.532120694157712
-2.9894557388010607,1.8992247932174127,-1.6224256332396123,0.3334199760495706,4.3417779806101064
-2.5538074385068246,1.7542060509372048,-2.345723441836227,-0.07430686761057774,4.422727895869895
5.437910078273726,6.29780722215583,-5.294551369922987,-6.64282228338393,5.667143002419172
5.455024129236792,6.090577681868008,-6.022926981094279,-7.468661988864964,5.522544865885196
8.27380910746868,-3.539397456252537,9.22215539098325,-0.34009736196730433,4.842106675408311
-7.357883564448601,-1.9498487992921276,-3.2372660644907043,0.5627603353667769,9.463187560983826
-0.6875180130840202,8.202376539971045,-6.676930103784663,5.131747897317416,4.472206521127028
1.5208694741991984,3.875378659969367,0.03339549945184769,6.642475068899591,-8.267495663125526
5.632943928545004,6.067534410063657,-5.087578931230657,-6.954016335910666,5.737922283463248
-0.9548428341881121,7.966905836198354,-7.266227905137003,5.275068678426261,4.9757465366602736
-6.843469829139428,-1.9419610242682934,-3.382083984521515,0.3327929323664026,9.789575539739065
3.895965435501543,-2.0195849168640922,1.377322532987756,-4.5786248319187814,4.6362384471493385
-2.4031154125412835,1.8055072449750387,-2.3342414311920665,-0.16215769783643513,3.7318143867241282
1.769666766727698,3.472163275183446,0.1117865014733058,6.291260295269071,-8.103037856643729
8.218808955762471,-3.0232624327107462,9.355761092785722,-0.7135248301113447,4.582277263304537
1.7192381728563053,3.5110030627195408,0.3132082127055016,6.222342057301304,-7.274576847967623
-2.8268339694890923,1.929861718718651,-1.6818802410604585,-0.5782947555876039,4.260771956934303
-0.4866080555655439,7.689654044440636,-6.978157911286422,4.574941912703759,4.886084921288427
3.4219070155091638,-2.791689157270275,1.184177877573161,-4.1404974415353175,4.862210050424368
5.304780325774776,5.400382357178973,-5.581240301845664,-7.361515114593508,5.8715925047994055
5.840807327815434,6.116756040058715,-5.853773492034776,-7.219699039969436,4.963483838918051
1.128728945315701,3.6717702596943074,0.21503041109724866,6.539727370344258,-7.459027609113294
-0.8700274604930163,7.65952895715423,-7.215252041519936,4.920764820624185,4.574455728455314
7.7315985340488655,-3.0623503236635137,9.477690401727386,-0.1362172382757415,4.187861009635741
3.8787643583932723,-3.0584665738579626,0.6236937796304076,-4.736843886720719,4.608853051000466
1.5501706558448762,3.21994070360968,0.1423422015345088,6.432443721684566,-8.219754852099197
5.486180265211706,5.681457438605454,-5.533136681358145,-7.369290338850077,5.364475293559582
1.5910639698633804,3.7167654348562946,0.6079609233850334,6.102014327188102,-8.066768501178842
3.959985729355789,-2.54098810886133,0.9315397923950924,-4.72471831091092,4.256596708025398
5.609301545634951,6.32245665137996,-5.58773533988067,-7.050312528088731,5.643080579139647
-7.445665357922702,-2.2107067991055183,-3.066295310006242,0.34765059456880587,9.133366861133323
3.6878356845593565,-2.5448748499406673,0.8232633145871581,-4.603660378932651,5.2041540829678175
4.076439115323748,-2.896568111130533,0.9720274645616843,-4.954660044961817,4.794243870125831
3.5351047770871165,-2.293430403587049,0.7420183854101695,-4.47144571349166,4.392766442554149
1.7457030439713093,4.024525961192104,0.46507513127488576,5.927323141769925,-7.943865460330828
8.523576979806862,-3.1212449367954442,9.938522521515344,-0.6417918530119835,4.524408390796105
3.374200603794203,-2.3376538925756196,0.5133744524928536,-4.379202725736925,4.371092580650441
8.22036776646149,-3.2382309308786152,9.173243781520487,-1.1005634464562055,4.482450791690589
-7.421992367137257,-1.7366618528099287,-3.20934091314702,0.8685626279370948,9.569718282478933
1.7110623404383811,3.2567495611174992,0.26634984823177876,6.1690849112938535,-8.266667606108477
1.81502886832628,3.6545203677117515,0.4433541309122826,6.150226522377563,-8.66394209211089
-2.430602586130414,1.7520138729702728,-2.427668212606303,0.39097052531482324,4.1141889958213795
5.682561737432483,6.42482594128545,-5.420317211271571,-7.379269880824031,5.769948189029258
-0.6831875143854168,7.601160510065125,-6.631899730779565,4.35846642759838,4.625529343482595
5.123931692750628,6.272485098258961,-5.007629171317946,-7.819309790479105,5.822661668209996
-1.1698502347095001,7.834374694960881,-7.014570448964925,4.856832270634759,3.9629586161110373
-7.253598767140676,-2.6370416713657447,-3.5866323384154843,0.6312639859197536,9.108857730587228
-1.0611436126398301,7.4857795936920795,-6.7030784315230045,5.014136907754184,3.961452562128991
5.483432835604047,6.429771768003277,-5.833441910363628,-7.792967574320371,5.184093924094607
5.75096043958117,6.252188412635409,-5.301162684536118,-7.455543880039604,5.639947802610061
4.078215539643331,-2.704301143838861,1.22687647513425,-4.025335443331217,4.406107322626504
-1.1856208582496472,7.879259361944696,-6.611973916759542,4.729740716696622,4.612578917512584
5.726388477521885,5.96218276020995,-5.21643200702512,-7.880454727653982,5.098261414328583
-0.07657731994900385,7.297681305326611,-6.525423619326848,4.874456448545775,4.584449817091897
1.5162639199858872,3.0647191817020722,0.6794623060161548,6.3120650832165675,-8.180829543175042
8.612081009606664,-3.0754639950319573,9.531928887593415,-0.8177291172044572,4.615551719875403
8.150765396075228,-3.391120468012881,9.516305373219717,-0.8238065811324105,4.508027156665418
-0.8638975959837767,7.907921759947309,-7.125983345551317,5.450957824606212,4.750723583144196
-6.882279401249562,-1.7264145039388605,-3.618241396099937,0.4277702776972835,8.866384564285225
1.935659498444347,3.3813355547944925,0.11330661853565863,6.211679527969422,-8.523027287925261
5.183895300429347,5.64269588138799,-5.3645403047738345,-7.179629699120044,5.129242495499153
-0.5892966841857603,7.492968698403411,-7.237703673186499,4.912164856459376,4.550202415504722
-0.7001935286368535,7.726195246648519,-6.924714227676635,4.641548610880108,4.36231660506592
8.182054220990056,-3.327238468170204,9.65877738317888,-0.8043075273205207,4.984868217150452
3.6119697387132885,-2.8577678198093506,1.0255805201486607,-4.7377153083435,4.94738373858632
3.096201123560757,-2.6246098605352737,1.2285347498938142,-4.4564332020045505,4.471887797011059
3.697487496330039,-2.783791155896598,1.066959254516402,-4.896292150951014,5.163640001653715
1.5204299355591218,3.536204623680152,0.5805863209119226,6.2374231654360415,-8.024874750093858
3.6558265851458964,-3.1229913977275823,1.7066097661256605,-4.243039294585275,4.457988506952965
-2.3689352085672386,2.0995582950292144,-2.3997649687836624,-0.5860432516900183,4.178270162504352
-2.3613745786586966,1.7845090312191678,-2.6664303221138277,-0.27663245539914544,4.39765955717781
9.02560360514788,-3.193302841386033,9.435930172485449,-0.8101010300813258,4.774712817342621
5.772840490197861,5.928229300965279,-5.656566960744863,-7.119680839769007,5.795382535635657
4.132070681767228,-3.119887690099004,0.6717037045685144,-4.4328364259794855,4.6181005311706365
5.655665812043143,5.890015972251951,-5.6817229328690715,-7.625897436463682,5.361709120694749
-7.442283597243434,-2.189869788610807,-3.4388281782523555,-0.014518887045114393,9.736487655046139
-2.4567471090594433,1.97003185369559,-1.9941823245996866,-0.19856570332997744,4.518388479862013
5.746344811451251,6.034514075246767,-5.86643783132172,-7.382538433255468,5.923936552477168
8.156837169412126,-3.1412954300185834,9.41005905714243,-0.9782572059476378,4.631045984485739
1.5433066284443464,3.7765279836937498,0.5558941043442123,6.5023167264128,-8.346737664283427
1.6206188071039782,3.821048024408081,0.779897239517335,6.349710259328451,-7.954265065391896
-0.48121433763910715,7.557697634025048,-6.8469635295532925,5.20972938390646,4.9690380098635165
5.711097018140317,6.05746383771766,-5.277410320796302,-7.5086631311279755,5.282244786022597
8.215262308012832,-3.7473902758814592,9.486411698196381,-0.6103782368416564,4.278658705418631
3.6724528904436835,-2.200667878475696,0.7513437328542601,-5.3968194090682555,4.6089677390450525
-7.563313820655419,-2.209262374876853,-3.5276068648675802,0.90976683669918,9.459010662788216
3.860908373899067,-2.3433816262040947,0.7413505641720846,-4.67080920935177,4.971925483222524
8.192216788899296,-2.621397361696115,9.431039195537284,-1.0624114855189115,4.91290646820562
4.02478441413133,-2.6043293355138153,1.5324608243980244,-3.879727272055584,4.846647751233208
-7.243019539743087,-1.5825737898402155,-3.4420360055418864,0.27528095825307103,9.269888809955269
4.076738634047388,-2.8305663065248976,1.4495120191725748,-3.917016022541984,4.726572336395257
7.856518249816007,-3.309051123174138,9.487476759869285,-0.5428140505745185,4.612352588311312
-7.937739519946651,-2.336137257118155,-3.199905310856465,-0.17830910874667127,8.709345465971552
-7.344526618686897,-2.3274555212871095,-3.1061762121249417,1.1247482233619863,9.43474078482655
8.07602828134373,-3.513674651465864,9.06438118475313,-0.5357311237174536,4.240642754815713
-2.3587556222667296,2.2416618405889794,-2.0059811569117887,0.113924145185022,4.214694100855361
-1.0983271393334353,8.03393116558063,-7.243759035520044,4.769694156737653,4.76187655475314
1.6192099700276257,3.835143513009159,0.4956796390579298,5.797100400023853,-7.955987063030301
8.347767867555252,-3.8181361779090217,9.095895306631476,-0.46790847788227785,4.688837634916029
-7.0782026517886925,-2.3488926148294436,-3.4266640054252115,0.7206324149755274,9.317337711670376
-2.5314441560518888,2.2162393207988815,-2.297094132635588,-0.2503502377816964,3.718447696921567
3.7737738257014706,-2.6933021678661224,1.5394415386098563,-4.671736653554894,4.090522643633406
-2.4738797312055043,1.7482487467740504,-2.1922235764325184,-0.6232844293111935,4.024790841264618
3.9094070693288523,-3.103594383566983,0.9614854134091315,-5.0858313096693974,5.067898715570746
5.606116454979722,6.235383991221494,-5.0554901903012865,-7.2350644801294335,5.404712165608895
-6.806677696508541,-2.0598623077395914,-3.8369026987901265,0.7603800500385995,9.376301246396613
-1.000129860599416,7.508764112978232,-6.479887431476605,5.075680971240897,4.462236413038012
1.988339902714243,4.022210496398625,-0.10887518361377163,6.408144488050531,-8.16825763878521
-2.3541626593727165,1.4247488278028317,-2.0748670899656227,0.3943308108718939,4.170417265601039
-3.3347479499900192,1.7576067821788697,-2.0931879503067057,-0.30568806829896245,4.201908899184164
8.56380616456307,-3.522642506180781,9.451286314089971,-0.5341487156881156,4.4049298426838845
8.73049764468287,-3.9612266238864207,9.362689147374637,-0.26700294087334026,4.516271314337788
-2.0603931415618466,1.6372984335736909,-1.6043363369700288,-0.5409461057637368,4.353640057310946
-0.8368046659221036,7.760334822999594,-6.371867863241557,4.94067688368657,4.7515349687438055
-7.4006802395213365,-1.7231124206176625,-3.1356048091486426,1.0606170875223764,9.501663579384122
-0.703375400002083,7.344820292831069,-6.74147612910631,5.043124208907588,4.339803440027759
5.94804411211118,6.318966190076387,-5.790222837547744,-7.1167354888932,5.625352096360741
-0.3368894421825034,7.490728898353884,-6.797918662044888,4.727166769723966,4.360291450195709
0.020910123313943263,7.6668419555285965,-6.376125411877586,4.632274350610409,4.996437627515205
1.5737047096386234,3.416577563258667,-0.04106113255977056,6.548546531019728,-7.997350069308229
5.737861172749141,6.072478489876085,-5.708165514118784,-7.372229765947223,5.588603717717825
-7.313386945265848,-2.078196988076956,-3.9610931695717446,0.33403026838942534,9.597110806681483
-2.5419802620208745,2.294361276374628,-2.0951400432957374,0.16059645994264538,3.9059148937704182
3.506517694655189,-2.1521018274644166,0.41687625187692967,-4.427129184111973,4.217311678218844
3.771835119545885,-2.84063242834759,1.1401234804141929,-4.951834868548513,4.594440189451702
-2.5908521222767225,2.293860299306249,-2.2026027606886074,-0.5939576527546143,3.646674387300234
1.7772977395182608,3.5227211371190403,-0.43935135883881016,6.271563066582699,-8.74703349019551
3.9023475098470173,-2.930690007056653,1.6317720653209709,-4.981729903772897,4.401053080959947
-0.6825175235978238,7.419693217424298,-7.0443666495934565,5.151401218903343,4.007681974764109
-1.0028857040649948,7.340856683000875,-6.712397718208201,5.01598355168717,4.681964115748052
5.213327363888412,6.1251352652068585,-5.730000349109386,-7.537621021511948,5.395618579019023
-0.8234145042890633,7.8680756536799805,-6.663058123057195,4.220305161588127,4.485730984045967
6.2934656475795485,6.249007429892946,-5.794691368936423,-7.548513038203093,5.146975053300182
5.78004017146794,6.179167001820653,-5.005403377943272,-7.192298516173387,6.125570607985813
5.868081765346502,6.212185033446629,-4.871713615248211,-8.021701671604303,5.417630392517091
-7.017296117478336,-2.1115834949545023,-3.794065685895289,0.04673783092978612,9.34213963879061
3.243084424794898,-2.8319212386448087,0.7620508352783206,-4.444515888835905,4.245851921359422
8.144037269058932,-3.2527429150744394,9.48533810264027,-0.7561268796727383,4.154653658295021
1.9004456703377006,3.76606114475999,0.10799207183298296,6.798465008088782,-8.140244779883899
-7.39841445523197,-1.947442633136337,-2.835403697996077,0.9609141922411844,8.905165812213493
4.058373144893761,-3.0278635542300862,0.630399964799194,-4.086702078938916,5.195369858213147
-0.6297088949039792,7.419626541632272,-7.031185021032132,4.535563024692216,4.670246739729554
-0.6798342185992041,7.484537063755064,-6.9925937546254655,4.833990494158974,4.744791150540753
-0.7703915524322128,7.80528370041055,-6.908706717932938,4.715528233736847,4.634857511633275
-0.7281531119440999,7.229749690163936,-7.121931587823599,4.825772761134404,4.609167530436193
5.181008189799613,6.131977838586407,-5.319975615968649,-7.825360154603561,5.407397186987548
-2.736353961684112,1.9444152470081721,-1.9680300983752508,0.6138325414815937,3.575308761906531
-0.9711759503739621,7.541436600095067,-6.935616742893082,4.821997134154191,4.205650641114657
1.722667953517018,4.067235765728401,0.45175476172545814,6.176657589688824,-8.091478303534979
-2.7647861540468766,1.6143962098537603,-2.6094608487510182,-0.06024668587394695,4.077722823921817
1.2037038998695349,3.7418024492275355,0.24719206812821312,6.4286471951125215,-8.206862822173914
-3.167665107177486,1.903602668369503,-2.317987933079896,0.49333283445903164,4.088214405749691
1.523643661056701,3.8070594867514775,0.27463737195632654,6.570089902702921,-8.425284629509804
5.449075223480779,5.537511244615676,-5.4479407769477515,-7.350073869888636,4.855899526497214
-0.40312374260761347,7.768207114244125,-6.536810582323596,4.91728806709598,4.8415215404569505
-2.7798846993551343,2.139544474227216,-2.4447137149771487,0.4578632037911574,4.483321771004659
-7.30649305541063,-1.5872720844611061,-3.860677310912321,0.13841982658881308,9.829597077918057
-7.385833399472549,-2.193897283504636,-3.2415059409710425,1.3302150886246737,9.221505505276403
1.3017565348804645,3.5963278154497402,-0.40548624337667527,6.682971884838573,-8.522081827540678
-2.6461936048955046,1.8582813586478437,-1.9587947763225624,-0.4505985540252797,4.131810448056181
-7.286284716493256,-2.0792784490483673,-3.3974107386040857,0.7787460790911679,9.223339360568477
-7.8459238334401915,-2.0494504283578903,-3.7401840604733736,1.021548414638173,9.684586815267231
-7.13858839667124,-1.90424979158686,-3.258320621771189,0.6159057044256759,9.1522475871274
-0.6841463300374122,7.546582537768512,-6.279104582201328,4.909602689256681,4.218253933908124
1.9699038062427148,3.935049085801,0.32316304358777015,6.033358119431948,-8.118417249972607
-2.696858927759027,1.6857412471174569,-2.3779356954258244,-0.046496824413109226,4.330377199022209
6.289980673033522,6.411365332518256,-5.185954491329228,-8.016648435284925,5.0272959800497
6.210856041958809,6.043635476419682,-5.608364320809603,-7.423745463475052,5.489640930773723
-0.5863656455980624,7.754213984243808,-6.518945038172598,5.4903405619349614,4.053076612612722
1.7510871079708854,3.912262342111824,-0.04547913834213624,5.611935100795421,-8.24854650010377
-2.4958063515726767,2.4100765705368468,-1.7918322283266717,0.581456253130599,4.179430082441867
8.469753988060877,-2.678627949826705,9.319561035086124,-0.6042284871641481,4.17428152852676
-0.7932122618199042,7.371329686882131,-6.615463941497826,4.987767143521281,4.567593478718019
5.705366366044994,5.861173868332505,-5.663586244795316,-7.855031358109251,5.742688913607906
-0.8318385434762661,7.444520022810289,-6.762696370768438,5.015017886500791,4.775810834542188
-6.641854442631001,-2.3024711518811967,-3.144630525271147,0.7997958757198311,8.997432790710736
4.0135041680019485,-2.864058276432255,0.6324980209600689,-5.112193612448605,4.629624214976701
-2.7379319575645753,2.084996453938773,-2.034833901600603,0.12853455463857685,4.183308219565724
-0.8210511851226983,7.8557742513217095,-6.480714839577638,4.581176511880312,4.281601981381984
7.62172358300114,-3.2517443506138584,9.368774971901981,-0.6528410486037303,4.987802419817326
-2.1952004558658595,1.937289849099927,-2.092649425247919,-0.9308422951758043,4.264306346342218
1.6346473955505765,3.8514459149429876,-0.08374413874488723,5.993691317091778,-8.161949099807684
-7.8711804416852065,-1.790524388293933,-3.3458326362530766,1.8330047329774548,9.335149498096591
-2.747036463394372,1.711395872890354,-2.4017719783645215,-0.29256009740582656,4.553180790686628
-2.7715750675496045,1.8554555483864887,-2.184014794805064,0.33578723758583506,3.817991404533891
-7.133703057618983,-2.155670643046494,-2.989316635888905,0.370900973946872,9.43584865859756
-0.8649664639965002,8.189982624516873,-6.421298710692732,4.600247093755497,4.458197515444066
1.496064873276707,3.273479327092498,-0.14674777267299105,6.126839613735983,-8.36855782514958
3.4868317230343573,-3.52894354437565,0.6188328962047851,-5.221441726633852,4.55069795083939
-2.790664667732151,1.8824172696528634,-2.353155348724248,0.025859761097501682,4.753615042521985
3.3523217424197695,-2.465906253282424,1.110685924168676,-4.706455933748887,4.579385461802696
-2.4384221466529716,1.6740221316425976,-2.6236268775372436,-0.02229935712868189,4.083027646200013
4.954822830615313,5.499078121741652,-6.370190622726139,-6.987829919096079,5.343335768322473
1.2877522903745189,3.8251575372966897,0.5562398834923908,6.475940553784996,-8.096759531051855
3.6733617944496184,-3.0336059788843164,0.7669633726907464,-4.660863186203053,4.5272045072275295
-7.329435125124627,-1.9979731789602648,-3.45036500996295,-0.12678464739019335,9.19594441136742
3.503954199043289,-2.3297711647816186,0.658875900458284,-4.759262758691677,4.98752171839678
-2.7099427836825027,1.881401231349231,-2.3982831817208736,0.3323896316144556,3.577346749860491
8.06448176013127,-3.5420302562641997,9.75110358589407,-0.893159718261048,4.7913615761040695
-2.2698576817150298,2.243193903878412,-2.472109673186666,0.10386335994616386,4.219837785553226
-2.2537793810408924,1.3958955169525835,-2.0464538556744207,0.36989567553217867,4.1855136722541495
-7.469317831950116,-1.7375972744544295,-3.5884993420087534,0.7001617051021762,8.856101775390618
8.494382513184526,-3.0171107321013855,9.723609169755818,-0.876616527233711,4.557215226708222
-2.4262033053915637,1.6364353093016402,-2.6463280620776484,-0.2428195943347554,3.762341205433719
8.244674030765943,-3.1926835972668126,9.088991381324462,-0.9291159154943094,4.505386900786778
-0.6782401005771141,7.482097297184617,-6.023218164082497,5.300599375194631,4.835364961391041
3.998532619027493,-2.579960394427138,0.9843181493979254,-4.798197118503766,4.586586030956757
-0.2932270944911285,7.5671050904231185,-6.908093597447624,4.706071676263984,4.191622652827223
-1.771776804600741,7.252224450936762,-6.976360207234267,4.320351549634213,4.291921964971121
-2.880825862229691,2.413483123849938,-2.1633124657766234,-0.08190683051460831,4.27778575723748
1.8549517387481442,3.682288159524202,0.06284658077134544,6.74540786263914,-8.086623375115819
-2.2867312587923867,2.2142515449853466,-2.3224750081880474,-0.4108833006796692,4.277801102560379
8.260840073643244,-2.95750277218467,9.22464552686646,-1.0768697073168187,4.741502618081436
8.084669842765955,-3.694623813872961,8.966170882939567,-0.635238597763848,4.8369720369616855
-7.242326177641073,-2.1319409606403577,-3.4325429180060048,0.35217406995794004,9.307380532163167
8.023913950248147,-3.1917143677657465,9.074151515945726,-0.4474615052084982,3.940147984171283
8.14781001959857,-3.9111223688543184,9.819565224359545,-0.7794410252301592,4.415769843617831
1.4220038555274046,3.7511292531403253,0.4114003214201652,6.229545763652423,-8.206726815302481
8.447788462640391,-3.3398328432816515,9.563488469042465,-0.15121827791765807,4.7190885178795545
1.6723576031967309,3.8872681406873193,0.008106801330007685,6.360756101982582,-8.199258844882623
-7.361637753847742,-2.6338441011710865,-3.2497670029141403,0.8732219859155761,8.953508681379677
-2.4152045259388024,2.2738209856860774,-2.6154570642579804,-0.1329438018726479,4.045269149720928
-0.5299440305462279,7.888488832560633,-6.628504801156311,4.36770717294778,4.616341673896543
-3.1655808310216935,1.0470661783896305,-2.7409658146328546,-0.36833161866150743,4.252307796479799
8.27658438672789,-3.3825895366763357,9.052469453024058,-0.6736760837507739,4.744557801022716
5.396995351208685,5.800353901974757,-5.840733398521711,-7.5354630612738855,5.623789213524245
-2.863405659594822,1.9539268696780447,-1.7650369209697114,0.13550463144987324,4.078890299524375
8.145775804393637,-2.9606986923193275,9.13743613326994,-0.693166778667264,4.946324291240329
-7.754927339455837,-1.9228124318558175,-3.227320782299127,0.5426658974635558,9.25000961070198
5.42466017800873,5.898275705239778,-5.438650250192832,-7.271837897323446,5.688459425348503
-1.017932133515538,7.693316131889245,-6.977095225641228,5.314323336885854,4.038824471559586
5.8014054446448,5.851424917768533,-5.512419437262808,-7.574361275312324,5.470345280835916
-7.373540130919943,-1.6586874774798,-3.0855892169125774,0.6816131686176492,9.592878828545196
-0.4943409010784152,7.4312963664125995,-6.679338232079961,4.760465195509848,5.132966716355815
-6.949671200590445,-1.7286317866454963,-3.1976045304578293,1.003757936655525,9.245969078923023
-2.396913784087846,1.6191400020677118,-2.524229734047433,0.40080116482874883,3.843564570095282
3.7875686416483414,-2.191508679011841,0.4308589740724866,-4.794362061512017,4.7691035842766265
-6.844375249332117,-2.365336116148214,-3.696252931114814,0.9372317706842654,8.988170185690095
8.364943222796256,-3.1625683358024306,9.164818179163888,-0.9690409883861342,4.868311652646421
1.7545358109539655,3.7334333855690183,0.3994686755253114,6.411813038215908,-8.252105033668597
5.0542061302411145,6.141861399449998,-5.14784684422489,-7.1910172892504125,5.346321502852115
-6.756235065999053,-2.1028284228715894,-3.298653469825186,0.7345869748535024,8.962611469404285
1.1377821404133852,3.4952032104833575,0.14239525155870433,6.3525824330289975,-7.403940957757136
1.4357035889951617,3.723677325281701,0.4677173377417365,6.5786764801132644,-7.896484381277059
8.301315437282117,-3.1944398116391914,8.932772487275285,-0.8898826464853797,5.070630024507906
-7.240230791740365,-1.967625437906182,-3.136361207597889,1.3828321482525738,9.405016530546197
-7.697817720066156,-1.5720872148161535,-3.591431403091658,0.7775718583041564,9.377651122628249
-0.4813484671153246,7.2226513390068625,-6.635948604118228,5.295805489180294,4.873260868427874
7.8025606745329705,-3.2603419306321095,9.152510537994226,-0.34100103580471364,4.351235530422513
5.952080903391447,5.756174068549503,-5.384405645213084,-7.171081081715269,5.389523482533911
3.9009848438310786,-2.735252992189524,1.3147443910765615,-4.479652863004169,4.690516650973768
3.9675808131356414,-2.790217774568896,0.6294517075894466,-4.884954013525523,4.406811050666138
8.580972978775305,-3.5483802572046366,9.593414548593332,-0.5058729489588631,4.476102399069316
3.7480458157173544,-2.502973934907711,0.9500624603008423,-5.327120378829352,4.438597616626071
7.830392669920071,-3.5291985278987674,9.302116524513451,-0.8967858110552311,4.499693833073877
2.167523135195397,3.7912557288541664,0.2535172971490306,6.687115467471,-8.06404655658497
-2.211949848828134,1.7268269573953219,-1.7903870265587665,-0.6926891403853518,4.559987375781525
-7.1006311973780845,-2.5778288974402352,-3.022056145973605,0.18151404562063694,9.359194074685483
-0.49462175007871984,7.929658625553451,-6.696324789929493,4.145625015384728,4.8270374458708005
-2.234309679321772,1.5301333419339667,-2.223836667847295,-0.20313785654868516,3.922232478957382
1.5613917547952423,4.050922028194168,0.005261230775857273,5.926218762926629,-8.059056066550617
-1.371720958825974,7.709511022829195,-7.0001424213929555,4.853578243906705,4.105935961919972
4.710631239764066,6.209140502763818,-6.377845478765725,-7.716028439227295,5.369656087060328
-0.3871537311545143,7.5200935509277,-6.256018273155365,4.693322109840727,5.103279790387368
-7.256243824079431,-2.1307914222994393,-3.8795280705300863,0.5735212655065329,9.3659321997547
8.688725919222104,-4.043293349718726,9.06198865489642,-0.7051154385409868,4.274072771759259
-7.720990148868277,-2.1664287553799957,-3.553550472662987,0.9980135790457003,9.186033759932023
-2.8998791731094937,1.6066169078986103,-2.5292269065705217,0.4002061680441439,4.504541079947
-0.8078503965156392,7.037230166078052,-7.689258882201629,5.327622783201143,4.682901924021115
2.0787479587549558,3.7287931414488087,0.21123849880466178,5.996998579308941,-8.461156800750967
5.438861931510431,6.11714486416321,-5.29685013472095,-7.431694704959362,5.537918834506996
6.002178446064877,6.278109361659997,-5.9000209724036745,-7.161549878260344,5.377856129552843
3.7918943329833708,-2.314298940448172,1.0696345095483433,-4.2779940421927956,4.722163488232819
-2.2256947302419747,1.9980366275437023,-2.4343246962492047,-0.31698109181442286,4.0676197833951475
1.8999835140484707,3.901878460543261,0.095551346165553,5.802418564218397,-7.843377116739685
3.545989573059696,-3.2571226538694713,0.7665775405605385,-4.714578325090624,4.424599491465254
5.038349492298611,5.662067762970237,-6.029030139365704,-7.678980142444562,5.622585478631538
-7.0342882490769565,-1.717593221979801,-3.216767482190984,0.8004096466015922,9.222999633594961
3.488893948180984,-2.59049830553168,1.3944948666229602,-4.7216233348245025,5.0137233549226545
8.322616806815901,-3.0260821279640795,9.195722486313713,-0.7877345212972864,4.534270255156954
-2.7947354631598476,2.072588549724977,-2.240713505545921,0.1567110685152869,4.006054002441236
1.817533822607799,4.001776411382331,0.33992330800399406,6.543389213745819,-8.229920777460775
5.848916581713123,5.736108965701373,-5.891319745784685,-7.800793997475085,5.581972656436219
-1.0960695455984524,7.76951484408863,-6.43671742914148,4.977282122164513,4.947232183794524
-0.4539073090701719,8.11382046468938,-6.7594961139518785,4.561729002839732,4.674580721032765
-0.5719575267190643,7.062727981884217,-7.12472475880287,4.6973123333067734,4.6458301455179996
3.288188320100433,-3.1979784127402735,0.7186667997831795,-4.436031364967389,4.640571452113268
-2.344245739916268,1.8231240310352073,-1.9320454203030706,0.1991201203254802,3.668747044217091
-1.0788975683442172,7.687031813624837,-6.805051124812737,5.005316219763036,4.073172290109094
8.072583740405825,-3.3879891082715665,9.70452989025721,-0.8094164537599025,4.745696953726295
1.48236843217335,3.42293031728691,0.1880531770414336,6.149959804252594,-7.526236203759801
1.62584159953468,3.0810525055075657,0.31821729371156854,6.360418153930436,-8.620617477789837
-3.016667444809896,2.195298014577853,-1.9311976793318464,-0.19378614307182404,3.330448951561799
-0.964998602312513,7.64890436013913,-7.126297148153086,5.220449935798024,5.051420381933171
-0.9045727735286955,7.859767361789475,-6.967807026705646,4.815707762482905,4.59498096819842
1.9678666828832372,3.6815216218067213,0.6971158582854663,5.998691442649251,-8.67889390110605
8.883873401861797,-3.632681457048131,9.485200395698172,-0.7210375784855524,4.627694890602018
3.8539883529921655,-2.4391833548843005,1.1239289719097045,-4.917439510374046,4.21022956217652
-6.982713744247965,-2.7191509340694946,-3.7135121232299793,0.5233437427862501,9.370794746827583
5.53166739028229,6.35508843590768,-5.512032962499559,-6.957792364069214,5.436909315462132
3.9588420452574677,-2.713776215934502,1.1512298929054947,-4.436147274346597,4.192354391631712
-7.304389235857038,-2.4400585735169695,-3.1996442960491724,0.7601242902337882,9.867408362720491
-7.096631122266891,-2.3725531696247533,-3.3820963748849886,0.7900017612209325,9.782380627881345
3.6233784569931475,-3.347463831239019,1.0181042519530956,-4.711006418218346,4.699878728665272
8.166072545062672,-3.6593473854491783,9.266615085085556,0.030940341673177718,4.145547654753803
-0.9789791802879367,7.987660887360127,-6.542811190219048,4.735553916832555,4.501323279445559
3.8163830570157407,-3.4684769887344777,0.762864915890868,-4.466610393666654,4.329524361005299
-7.22393590395647,-2.833949479303922,-3.1226530639131034,0.3396776312699518,9.899840518707384
7.801147799008608,-3.3083109613929658,9.08393977277367,-0.4517980680649476,4.605205686351058
-0.0823313337185716,7.510117886308976,-6.3299853106282145,4.359203100623161,4.460772309356457
-0.46623627215891467,7.872885247838413,-6.7269351038454746,4.728873464293571,4.64934065979528
3.705316838425128,-2.4947858523157587,1.229825982103805,-4.878642506161886,4.853258527816809
-0.2998438681289211,6.776206130806692,-7.0947414901325265,5.4790334310558,4.166753596831989
-2.2809355358899936,1.9442440911818573,-2.0911197568865383,-0.12859704098428867,4.161938256102144
-0.7476519005021635,7.361234068728555,-6.429606411486648,4.856460368076821,4.68254910134555
1.6149364419739825,3.8167353969794755,0.006700950239543757,6.279220025465149,-7.881025372493314
1.3534879852428472,3.719562769675306,0.13089258093562176,6.156332288503185,-8.717371086291626
8.550362323946027,-2.8363477964945485,9.528255963186323,-0.26359232219983536,4.641942780105403
1.7001466806350747,3.8413838470377786,0.3858686977908441,6.456253022773234,-8.125978989263421
8.272035604242992,-3.394686625172035,9.444575469819632,-0.9566273330899656,4.627377275461251
-2.2405319653191538,1.8425779731007275,-2.415612035123491,0.6613584918025872,4.194896206179134
-2.3161920865680776,1.818462391869951,-1.621391195397448,-0.11912879067967824,3.9516738378240186
3.7011142311046092,-2.4634603673259035,1.299828961153843,-4.315933130992928,4.267014045889617
3.362393328024477,-2.644960742845474,0.8033985063930995,-5.17304138398914,4.688320345483398
5.178478479906158,5.634858126505949,-5.667677816956494,-7.470021079733025,5.580614436628399
5.674646808745469,5.8170531358879085,-5.459006896976724,-7.203486640391217,5.108794637205696
4.056722488303413,-2.8073809564833745,1.3156325569348746,-3.979091792516184,4.8389564076796505
-0.7288484619260127,7.421943983992915,-6.772058540909988,4.744257876818961,4.6205696057600845
-7.3930434508900635,-2.300922986960653,-3.581099985511036,0.6299381236081327,9.524517729385513
3.6342059382742553,-2.4095128236806667,0.5819798178591136,-4.547571314210181,4.748644869571834
-2.428280238362184,1.6180231766593665,-2.2389159710060182,0.23156326343374062,3.8614744678071657
5.474285639440443,6.109061286238782,-5.1913351786430395,-7.076203074786539,5.430279667729068
-7.539881289840752,-2.0519920782164887,-3.50746831347241,0.9510115877066043,9.376418555735153
3.6260890477468877,-3.02627290160376,0.5985628263034959,-4.269150684655999,4.698238441949074
6.020666168906805,6.104899138864148,-5.577060756240658,-7.605504799724445,5.385271576281596
-6.92053212971148,-1.5645125853333943,-3.2534406796766193,0.7180307218440097,9.190676252939173
5.134725765709733,5.94801194107477,-5.115613936596062,-6.808814578420786,4.895039160961032
-6.861236247011339,-1.9263047509552176,-3.0865808928652885,0.8892939814047689,9.439824761103605
5.63530431016682,5.849586640475641,-5.471378921398869,-7.629343342193614,5.674120066913729
4.150256775570576,-3.3033351654406085,0.6128431541548046,-4.986521837528307,5.027162915954508
-0.34878708298757427,6.873096996753862,-6.779652105902967,4.872193558078611,4.918055037308778
-2.5524319917850473,2.101015637584289,-1.9117848737278893,0.2610773265080495,4.238987995507302
8.458342316234788,-2.7169707813336723,8.71053039181636,-1.0745612895888854,5.35272935492745
-2.4556887774801583,2.4369691566786114,-2.0668690331051724,0.06341019389414382,3.8148658134833595
-1.064304394638451,7.841388088131738,-6.950826085721294,5.038682980560263,5.056601211480911
8.053423703614586,-3.1741345243069055,9.841805202516955,-0.3532959256278107,4.842269071355567
8.42585200579018,-3.2116193606568677,9.39323100046876,-0.5946331783847016,4.7504435495510124
7.913337862206118,-3.140008052477263,9.365159890328,-0.8648939297391383,5.1630056572276875
1.027801749270964,3.6296082160876706,0.08703460317746314,6.648028065474333,-8.073168924470082
8.261247922286792,-3.4474699156234636,9.039996402250239,-0.7206891766463942,4.235088885788318
5.427708062509351,6.023868354561489,-5.464748676065166,-7.096338747149169,6.040956151296633
3.9312707658177426,-3.2361083272544184,0.761340201372967,-4.556839504105525,4.880606935548267
-7.1233170024928425,-2.0975043621647855,-3.532528754932283,0.39589206840671437,9.2878728393851
3.853104059540184,-2.4178812937413023,0.1860976416220994,-4.528021567712873,4.514948569416243
-2.3234715958535044,2.1229789609144527,-2.1484578312763594,0.32708605487204845,4.492510946013053
3.408090564709166,-2.6020019972513198,1.348590471779188,-4.90204826556481,4.776549214156746
5.634222381209299,6.2698421563549775,-6.148103774092427,-7.35994176110891,5.5458490121603985
8.176682098418018,-2.9556850559933987,9.226115036649773,-0.9009793049184875,4.074089081421248
5.520796646009607,6.1357141918930935,-5.460512694065025,-7.399899902861805,5.3166109154442855
4.162585651126734,-3.072267572109113,0.3780050887159507,-4.604790442070413,4.516138117413603
8.112928209071443,-3.2084908763742925,9.216629212825294,-1.4995722170965573,5.06496126063369
-7.061707266324781,-2.2614357843866375,-3.361236374766683,0.3833025211252191,9.467910896910745
